hotel_name;review_score;review_score_text;review_score_title;hotel_price
Ascott Sudirman Jakarta;8.7;1,259 reviews;Fabulous;Rp 1,062,187
Ascott Jakarta;8.6;1,811 reviews;Fabulous;Rp 934,725
Four Seasons Hotel Jakarta;9.2;409 reviews;Superb;Rp 2,763,882
Shangri-La Hotel Jakarta;8.9;685 reviews;Fabulous;Rp 1,667,597
Ascott Kuningan Jakarta;8.6;865 reviews;Fabulous;Rp 1,274,625
Hotel Indonesia Kempinski Jakarta;9.0;505 reviews;Superb;Rp 1,815,000
Sheraton Grand Jakarta Gandaria City Hotel;8.9;271 reviews;Fabulous;Rp 1,742,400
The Westin Jakarta;9.0;391 reviews;Superb;Rp 1,802,900
DoubleTree by Hilton Jakarta - Diponegoro;8.6;1,112 reviews;Fabulous;Rp 898,425
Grand Hyatt Jakarta;8.7;308 reviews;Fabulous;Rp 1,682,256
Somerset Berlian Jakarta;8.2;1,056 reviews;Very good;Rp 1,019,700
The Ritz-Carlton Jakarta Mega Kuningan;9.0;677 reviews;Superb;Rp 1,603,250
Mandarin Oriental Jakarta;9.1;222 reviews;Superb;Rp 1,637,856
InterContinental Hotels Jakarta Pondok Indah;9.1;165 reviews;Superb;Rp 1,873,475
Fairmont Jakarta;9.0;288 reviews;Superb;Rp 3,206,500
Citadines Rasuna Jakarta;8.5;704 reviews;Very good;Rp 764,775
Ashley Wahid Hasyim Jakarta;8.4;2,030 reviews;Very good;Rp 444,901
Juno Jatinegara Jakarta;8.1;1,164 reviews;Very good;Rp 290,008
Stanley Wahid Hasyim;8.6;574 reviews;Fabulous;Rp 389,911
JW Marriott Hotel Jakarta;8.5;283 reviews;Very good;Rp 1,361,250
The Residences of The Ritz-Carlton Jakarta Pacific Place;8.5;30 reviews;Very good;Rp 9,955,000
Swissôtel Jakarta PIK Avenue;8.9;210 reviews;Fabulous;Rp 889,199
Swiss-Belhotel Pondok Indah;7.9;333 reviews;Good;Rp 595,000
Juno Tanah Abang Jakarta;8.2;1,742 reviews;Very good;Rp 339,151
Hotel Mulia Senayan - Jakarta;8.8;52 reviews;Fabulous;Rp 1,707,010
Pullman Jakarta Indonesia;8.4;667 reviews;Very good;Rp 1,452,000
Swiss-Belhotel Pondok Indah;7.9;333 reviews;Good;Rp 595,000
Ashley Sabang Jakarta;8.5;1,085 reviews;Very good;Rp 416,503
Fraser Place Setiabudi Jakarta;8.9;328 reviews;Fabulous;Rp 1,090,264
Somerset Grand Citra Jakarta;7.7;433 reviews;Good;Rp 934,725
The Ritz-Carlton Hotel Jakarta Pacific Place;9.3;108 reviews;Superb;Rp 3,212,550
Swiss-Belinn Wahid Hasyim;8.3;34 reviews;Very good;Rp 366,520
Lumire Hotel & Convention Centre;7.6;206 reviews;Good;Rp 484,000
Hotel Ciputra Jakarta;7.9;1,252 reviews;Good;Rp 415,000
Park 5 Cilandak;8.2;489 reviews;Very good;Rp 467,900
Hotel Santika Premiere Slipi Jakarta;8.2;277 reviews;Very good;Rp 527,560
Four Points by Sheraton Jakarta Thamrin;8.3;506 reviews;Very good;Rp 738,100
Grand G7 Hotel;8.1;541 reviews;Very good;Rp 370,000
Raffles Jakarta;9.4;172 reviews;Superb;Rp 4,855,125
Morrissey Hotel Residences;8.6;475 reviews;Fabulous;Rp 605,440
Wyndham Casablanca Jakarta;8.4;532 reviews;Very good;Rp 1,028,500
Mercure Jakarta Pantai Indah Kapuk;8.6;458 reviews;Fabulous;Rp 593,299
Swiss-Belresidences Kalibata;8.0;214 reviews;Very good;Rp 503,900
Fraser Residence Menteng Jakarta;8.7;1,187 reviews;Fabulous;Rp 800,872
Best Western Premier The Hive;8.0;459 reviews;Very good;Rp 680,400
Veranda Hotel @ Pakubuwono;8.0;301 reviews;Very good;Rp 484,200
Verse Luxe Hotel Wahid Hasyim;7.5;315 reviews;Good;Rp 335,145
Residence T63 By SHM;7.4;64 reviews;Good;Rp 107,800
Whiz Prime Hotel Kelapa Gading;7.5;141 reviews;Good;Rp 391,600
Mercure Jakarta Gatot Subroto;8.5;174 reviews;Very good;Rp 604,758
Verse Luxe Hotel Wahid Hasyim;7.5;315 reviews;Good;Rp 357,996
Gran Melia Jakarta;8.4;329 reviews;Very good;Rp 1,091,904
Pullman Jakarta Central Park;8.3;663 reviews;Very good;Rp 1,977,805
Oria Hotel;7.2;92 reviews;Good;Rp 341,100
Aloft Jakarta Wahid Hasyim;8.8;399 reviews;Fabulous;Rp 605,000
The Hermitage  A Tribute Portfolio Hotel  Jakarta;9.2;209 reviews;Superb;Rp 1,196,690
HARRIS Vertu Hotel Harmoni;8.7;587 reviews;Fabulous;Rp 928,000
Ra Premiere Simatupang Jakarta;8.4;97 reviews;Very good;Rp 507,600
Mercure Jakarta Sabang;8.4;335 reviews;Very good;Rp 600,000
Fraser Residence Sudirman Jakarta;8.4;328 reviews;Very good;Rp 1,264,712
Alila SCBD Jakarta;8.2;36 reviews;Very good;Rp 2,783,000
Hotel Shalva Jakarta;8.1;117 reviews;Very good;Rp 269,663
Sentral Cawang Hotel;7.7;206 reviews;Good;Rp 273,602
Menara Peninsula Hotel;7.8;240 reviews;Good;Rp 459,000
Arthama Hotel Wahid Hasyim Jakarta;8.3;294 reviews;Very good;Rp 354,240
Holiday Inn Express Jakarta Pluit Citygate;7.6;438 reviews;Good;Rp 586,723
The Mayflower  Jakarta-Marriott Executive Apartments;8.7;197 reviews;Fabulous;Rp 1,694,000
Oakwood Premier Cozmo Jakarta;;225 reviews;Superb;Rp 1,385,840
Holiday Inn Express Jakarta Wahid Hasyim;;621 reviews;Very good;Rp 486,928
Grand Mercure Jakarta Kemayoran;;744 reviews;Very good;Rp 882,453
HARRIS Hotel and Conventions Kelapa Gading Jakarta;;419 reviews;Very good;Rp 858,000
Hotel Des Indes;;209 reviews;Fabulous;Rp 454,526
Kuretakeso Kemang Hotel;;81 reviews;Very good;Rp 458,720
Century Park Hotel;;640 reviews;Very good;Rp 710,000
Hotel Des Indes;;209 reviews;Fabulous;Rp 454,526
Kuretakeso Kemang Hotel;;81 reviews;Very good;Rp 458,720
Century Park Hotel;;640 reviews;Very good;Rp 710,000
Goodrich Suites  ARTOTEL Portfolio;8.2;171 reviews;Very good;
favehotel Puri Indah Jakarta;;133 reviews;Good;Rp 418,968
Aston Kartika Grogol Hotel & Conference Center;;173 reviews;Fabulous;Rp 494,067
Orchardz Jayakarta;;301 reviews;Good;Rp 258,030
Neo Hotel Melawai by ASTON;;217 reviews;Good;Rp 397,398
Swiss-Belresidences Rasuna Epicentrum;;65 reviews;Good;Rp 521,500
Millennium Hotel Sirih Jakarta;;1,036 reviews;Very good;Rp 635,250
Heef Hotel;;91 reviews;Good;Rp 270,000
Aston Bellevue Radio Dalam;;176 reviews;Good;Rp 519,859
Grand Mercure Jakarta Harmoni;;539 reviews;Very good;Rp 1,041,647
De 80's Genteng Ijo;;106 reviews;Good;Rp 168,960
Artotel Thamrin - Jakarta;;296 reviews;Very good;Rp 634,500
Harris Suites Puri Mansion;;20 reviews;Very good;Rp 410,970
All Seasons Jakarta Thamrin;;555 reviews;Good;Rp 435,600
Aryaduta Suite Semanggi;;562 reviews;Good;Rp 888,889
Kemang Utara Creative Villas;;13 reviews;Very good;Rp 1,833,000
Hotel Santika Kelapa Gading;;158 reviews;Good;Rp 406,080
De 80's Ekonomi;;31 reviews;;Rp 158,625
Treehouse Suites - Boutique Serviced Apartment;;139 reviews;Fabulous;Rp 630,000
Park Regis Arion Kemang;;358 reviews;Very good;Rp 450,000
ibis Styles Jakarta Simatupang;;103 reviews;Very good;Rp 488,665
POP! Hotel Tebet Jakarta;;135 reviews;Good;Rp 313,500
Amaroossa Cosmo Jakarta;;71 reviews;Good;Rp 425,182
Liberta Hotel Kemang;;179 reviews;Good;Rp 359,412
Grand Tjokro Jakarta;;303 reviews;Good;Rp 381,150
The Bellezza Suites;;220 reviews;Good;Rp 698,400
Merlynn Park Hotel;;1,911 reviews;Very good;Rp 628,200
JS Luwansa Hotel & Convention Center;;237 reviews;Very good;Rp 1,024,100
Novotel Jakarta Cikini;;116 reviews;Fabulous;Rp 726,401
THE 1O1 Jakarta Sedayu Darmawangsa;;296 reviews;Very good;Rp 550,000
Novotel Jakarta Gajah Mada;;302 reviews;Very good;Rp 730,235
Midtown Residence Simatupang Jakarta;;178 reviews;Good;Rp 680,000
De 80's Matraman;;47 reviews;Very good;Rp 187,040
RedDoorz Plus near GBK Senayan;;72 reviews;Good;Rp 190,024
Harper MT Haryono by ASTON;;266 reviews;Good;Rp 530,000
Aryaduta Menteng;;636 reviews;Very good;Rp 630,000
Oakwood Suites La Maison Jakarta;;39 reviews;Superb;Rp 1,610,280
Guest House Dewi Fortuna;;18 reviews;;Rp 143,550
Holiday Inn Jakarta Kemayoran;;185 reviews;Very good;Rp 897,820
Grand Whiz Poins Simatupang Jakarta;;143 reviews;Very good;Rp 450,000
Teraskita Hotel Jakarta managed by Dafam;;182 reviews;Very good;Rp 526,500
Mercure Jakarta Simatupang;;169 reviews;Very good;Rp 740,520
Home 899 Patal Senayan;;49 reviews;Very good;Rp 224,731
Widjoyo Rahayu Cipete 14;;35 reviews;Good;Rp 178,885
ibis Styles Jakarta Tanah Abang;;136 reviews;Fabulous;Rp 432,000
Ibis Jakarta Slipi;;211 reviews;Good;Rp 395,972
Horison GP Mega Kuningan Hotel;;251 reviews;Good;Rp 439,875
Hotel Bulevar Tanjung Duren;;5 reviews;;Rp 203,000
Holiday Inn Jakarta Kemayoran;;185 reviews;Very good;Rp 897,820
Grand Whiz Poins Simatupang Jakarta;;143 reviews;Very good;Rp 450,000
Teraskita Hotel Jakarta managed by Dafam;;182 reviews;Very good;Rp 526,500
Neo Hotel Puri Indah;;7 reviews;Superb;Rp 351,271
Habibah Syariah Hotel;;85 reviews;Good;Rp 116,628
Horison GP Mega Kuningan Hotel;;251 reviews;Good;Rp 439,875
Aston Rasuna;;388 reviews;;Rp 752,550
favehotel Zainul Arifin Gajah Mada;;187 reviews;Good;Rp 330,088
Happy Inn;;93 reviews;Very good;Rp 305,000
Novotel Jakarta Mangga Dua Square;;1,245 reviews;Very good;Rp 831,633
Sunlake Hotel;;441 reviews;Good;Rp 606,000
Royal Kuningan;;196 reviews;Good;Rp 572,000
Ibis Budget Jakarta Menteng;;388 reviews;Good;Rp 280,000
favehotel Kelapa Gading;;178 reviews;;Rp 317,504
Capital O 203 Prasada Mansion Sudirman;;195 reviews;Good;Rp 277,780
Mercure Jakarta Cikini;;282 reviews;Very good;Rp 717,760
RedDoorz Plus @ Danau Sunter Utara;;36 reviews;Good;Rp 212,916
Legacy Residence Syariah;;21 reviews;Very good;Rp 230,354
Arosa Hotel Jakarta;;174 reviews;Very good;Rp 459,000
Mk House Scbd;;266 reviews;Good;Rp 239,633
Naya Soho;;7 reviews;Very good;Rp 400,000
Amaris Hotel Senen;;140 reviews;Good;Rp 335,800
Ibis Budget Jakarta Cikini;;408 reviews;Good;Rp 250,000
Amaris Hotel Senen;;140 reviews;Good;Rp 335,800
Ibis Budget Jakarta Cikini;;408 reviews;Good;Rp 250,000
De Green Residence;;15 reviews;Good;Rp 133,650
Amaris Hotel Pasar Baru;;74 reviews;Good;Rp 331,100
RedDoorz Plus near Mangga Besar Station 2;;52 reviews;;Rp 170,258
Coin's Hotel Jakarta;;87 reviews;Good;Rp 236,880
The Grove Suites;;607 reviews;Very good;Rp 855,885
ibis Styles Jakarta Gajah Mada;;419 reviews;Very good;Rp 368,203
favehotel PGC Cililitan;;188 reviews;Good;Rp 336,864
Hotel Santika Premiere Hayam Wuruk Jakarta;;259 reviews;Very good;Rp 517,773
The Kuningan Suites;;451 reviews;Good;Rp 719,100
Sari Pacific Jakarta;;275 reviews;Good;Rp 743,919
Luminor Hotel Kota;;32 reviews;Very good;Rp 815,000
POP! Hotel Kemang Jakarta;;177 reviews;Good;Rp 396,000
Hotel GranDhika Iskandarsyah;;157 reviews;Very good;Rp 634,500
Best Western Plus Kemayoran Hotel;;365 reviews;Good;Rp 443,520
The Gunawarman;;109 reviews;Fabulous;Rp 1,861,200
Hotel Santika Taman Mini Indonesia Indah;;163 reviews;Good;Rp 547,588
Mutiara Kostel;;6 reviews;;Rp 192,893
RedDoorz Plus near Lippo Mall Kemang 2;;32 reviews;Good;Rp 250,797
Palm Eight Residence;;38 reviews;Fabulous;Rp 170,610
RedDoorz near CBD Ciledug Family Mall;;14 reviews;Very good;Rp 161,123
Grandkemang Hotel;;315 reviews;Good;Rp 716,356
Menteng Park Exclusive Emerald;;17 reviews;Superb;Rp 519,820
RedDoorz Plus @ Cideng Barat;;99 reviews;Good;Rp 187,110
Oakwood Apartments PIK Jakarta;;10 reviews;Good;Rp 999,999
Yello Hotel Manggarai;;132 reviews;Very good;Rp 478,500
Everyday Smart Hotel Mayestik;;45 reviews;Good;Rp 325,000
Aston Pluit Hotel & Residence;;258 reviews;Good;Rp 685,860
MaxOne Platinum Hayam Wuruk;;250 reviews;Very good;Rp 400,001
Amaris Hotel Slipi;;3 reviews;Superb;Rp 376,000
HARRIS Hotel Tebet Jakarta;;136 reviews;Good;Rp 675,860
RedDoorz near Cipinang Indah Mall;;9 reviews;;Rp 203,799
De 80's Pondok Labu;;10 reviews;Good;Rp 215,600
RedDoorz Plus near Dharmawangsa Square;;34 reviews;Good;Rp 351,619
Best Western Senayan;;144 reviews;Good;Rp 486,500
RedDoorz @ Apartemen Green Lake View Cimanggis;;8 reviews;;Rp 112,530
Hotel D'Boegis;;107 reviews;;Rp 303,115
POP! Hotel Kelapa Gading;;244 reviews;Good;Rp 377,872
Sparks Life Jakarta;;123 reviews;Good;Rp 347,800
Red Planet Jakarta Pasar Baru;;80 reviews;Good;Rp 263,340
SOTIS Hotel Kemang  Jakarta;8.4;13 reviews;Very good;
Bangka Suite;;11 reviews;Very good;Rp 218,189
Whiz Hotel Cikini Jakarta;;63 reviews;Good;Rp 282,500
RedDoorz Premium @ Cilandak Timur 2;;16 reviews;Good;Rp 233,827
RedDoorz Apartment @ Padina Soho and Residence;;7 reviews;Very good;Rp 208,230
Sotis Residence Pejompongan;;127 reviews;Very good;Rp 360,000
Batavia Apartments  Hotel & Serviced Residences;6.5;152 reviews;;Rp 594,000
HARRIS Hotel Tebet Jakarta;7.6;136 reviews;;Rp 632,720
New Priok Indah Syariah Hotel;7.6;57 reviews;;Rp 131,130
RedDoorz Plus near Gandaria City Mall 2;7.8;27 reviews;;Rp 221,760
Cabin Hotel;7.7;140 reviews;;Rp 420,000
Tuju WK Homes Syariah;8.3;3 reviews;;Rp 141,832
RedDoorz Plus near JIEXPO Kemayoran;7.4;39 reviews;;Rp 176,715
Balairung Hotel Jakarta;7.9;28 reviews;;Rp 360,000
Avissa Suites;8.5;146 reviews;;Rp 458,526
Amaris Hotel La Codefin Kemang;7.5;130 reviews;;Rp 334,400
F Hotel Jakarta;7.1;99 reviews;;Rp 296,100
City Biz Residence;8.2;12 reviews;;Rp 200,416
Amaris Hotel Thamrin City;7.6;139 reviews;;Rp 308,000
RedDoorz Apartment @ Pasar Baru Mansion;7.2;11 reviews;;Rp 173,250
Hotel 88 ITC Fatmawati Jakarta;7.6;48 reviews;;Rp 380,000
Travellers Hotel Jakarta;7.5;173 reviews;;Rp 352,000
favehotel Pasar Baru;8.5;108 reviews;;Rp 305,048
Kemang Eleven;7.7;51 reviews;;Rp 215,186
DE GREEN INN Kebon Jeruk;6.2;14 reviews;;Rp 232,560
RedDoorz Plus near Trisakti University;6.4;11 reviews;;Rp 93,555
Capital O 534 Sriwijaya Hotel;7.6;337 reviews;;Rp 342,703
Tamansari Agung Residence;4.3;4 reviews;;Rp 138,375
Kasira Residence;7.9;54 reviews;;Rp 345,770
Verse Lite Hotel Gajah Mada;7.8;127 reviews;;Rp 280,694
The Akmani;7.7;259 reviews;;Rp 435,600
Widjoyo Rahayu Antasari 12;7.9;20 reviews;;Rp 189,030
Rasuna Icon Hotel;8.1;422 reviews;;Rp 460,908
Zuri Express Mangga Dua;8.3;152 reviews;;Rp 283,547
RedDoorz near Kebon Jeruk Jakarta;7.4;30 reviews;;Rp 200,970
Ibis Jakarta Tamarin;7.4;149 reviews;;Rp 381,150
Amaris Hotel Dr. Susilo Grogol;7.5;76 reviews;;Rp 342,000
Kristal Hotel Jakarta;8.1;534 reviews;;Rp 967,613
RedDoorz Plus @ Setiabudi Tengah;6.3;17 reviews;;Rp 197,835
Peggy Central Park Residences;7.9;34 reviews;;Rp 800,000
RedDoorz near Puri Indah Mall;7.1;17 reviews;;Rp 199,646
Business Hotel;7.2;211 reviews;;Rp 181,552
Amaris Hotel Tebet;7.1;49 reviews;;Rp 372,240
Plaza 68 Residence;4.7;3 reviews;;Rp 260,260
D’Padmaya Residence;7.2;7 reviews;;Rp 325,801
RedDoorz Premium near RS Pondok Indah La Maison;8.3;46 reviews;;Rp 323,563
Citi M Hotel Gambir;8.0;1,109 reviews;;Rp 292,500
Jambuluwuk Thamrin Hotel;8.6;61 reviews;;Rp 455,000
OYO 3811 Best Inn Hotel;6.7;11 reviews;;Rp 201,040
favehotel Tanah Abang - Cideng;7.9;176 reviews;;Rp 310,757
PSW Antasari Hotel;8.2;15 reviews;;Rp 513,945
Sleepzzz Hotel Senayan;7.4;150 reviews;;Rp 251,071
Marson Interkota Residence;8.5;6 reviews;;Rp 107,415
Ayaka Suites;8.4;292 reviews;;Rp 544,210
Nostoi;8.3;41 reviews;;Rp 611,050
Maven Cilandak;7.0;43 reviews;;Rp 200,000
RedDoorz Plus near Dunia Fantasi Ancol;8.3;73 reviews;;Rp 235,884
Hotel 88 Tendean Jakarta;7.0;20 reviews;;Rp 374,999
Hotel Bidakara;7.6;53 reviews;;Rp 585,000
RedDoorz Plus near RSCM Jakarta;7.2;79 reviews;;Rp 161,438
RedDoorz Syariah near Ragunan Zoo 3;6.7;13 reviews;;Rp 114,188
RedDoorz Plus @ Guntur Raya Setiabudi;7.4;56 reviews;;Rp 225,375
Kemang Icon;7.8;30 reviews;;Rp 1,420,000
Tuju Abuserin Syariah;7.8;7 reviews;;Rp 129,447
Hotel Istana Bungur;7.1;22 reviews;;Rp 145,384
MaxOne Signature Glodok Jakarta;7.5;275 reviews;;Rp 269,100
The Residences at Puri Casablanca;7.4;579 reviews;;Rp 688,889
UROOMS Tanah Abang;7.4;95 reviews;;Rp 161,855
Delua Hotel;7.5;60 reviews;;Rp 328,500
OYO 4005 Bunga Dahlia Guest House;7.8;13 reviews;;Rp 213,851
LeGreen Suite Pejompongan;7.2;8 reviews;;Rp 277,500
RedDoorz Plus near Plaza Blok M 2;6.3;7 reviews;;Rp 196,004
Gold Coast PIK Sea View Apartments by LongeStay;8.9;69 reviews;;Rp 515,000
Little Amaroossa Residence;7.3;104 reviews;;Rp 372,600
RedDoorz Premium near Ragunan Zoo 2;7.4;57 reviews;;Rp 236,250
RedDoorz Syariah @ Jatinegara;7.3;7 reviews;;Rp 160,846
RedDoorz @ Pangeran Antasari 2;5.9;16 reviews;;Rp 185,625
RedDoorz Plus near Plaza Indonesia;6.8;159 reviews;;Rp 146,475
RedDoorz near Taman Palem;7.6;36 reviews;;Rp 188,763
RedDoorz Plus @ Pasar Baru;7.2;61 reviews;;Rp 171,351
RedDoorz @ Bandengan Jakarta;9.0;10 reviews;;Rp 111,038
RedDoorz Plus Syariah near Mall Pondok Indah;8.0;6 reviews;;Rp 141,917
Leisure Inn Arion Hotel;7.4;8 reviews;;Rp 395,845
UROOMS Senopati;8.3;3 reviews;;Rp 255,189
Royal Palm Hotel & Conference Center Cengkareng;7.2;140 reviews;;Rp 472,500
OYO 1319 Puspita Guesthouse;5.3;17 reviews;;Rp 217,272
Front One Cabin Sunter;7.8;10 reviews;;Rp 220,000
White Tree Residence;8.3;123 reviews;;Rp 571,802
The Sultan Residences Jakarta;7.1;50 reviews;;Rp 1,391,199
Hotel Desa Wisata;7.3;52 reviews;;Rp 594,239
RedDoorz near Binus Anggrek 2;7.5;11 reviews;;Rp 198,327
Ibis Styles Jakarta Sunter;7.4;72 reviews;;Rp 390,634
N Hotel Harmoni Jakarta;6.7;628 reviews;;Rp 165,600
Apartemen Pakubuwono Terrace Netty;5.5;5 reviews;;Rp 400,000
The Nyaman;7.5;16 reviews;;Rp 316,800
OYO 3963 Safira Homestay Syariah;9.2;21 reviews;;Rp 275,162
Widjoyo Rahayu Cilandak 8A;7.7;20 reviews;;Rp 200,032
Klinpod Hotel;7.3;30 reviews;;Rp 183,784
Channel Stay @ Bassura City Apartment;8.2;7 reviews;;Rp 618,520
Golden Boutique Hotel Melawai;7.4;84 reviews;;Rp 463,037
RedDoorz near Hayam Wuruk;6.1;92 reviews;;Rp 122,142
Neo Hotel Tendean Jakarta by ASTON;7.0;164 reviews;;Rp 357,655
Cordela Senen Jakarta;8.1;56 reviews;;Rp 351,500
Vayassi House Syariah;8.4;8 reviews;;Rp 167,314
RedDoorz @ Cilandak Timur;7.0;15 reviews;;Rp 220,264
RedDoorz Syariah near Mercu Buana University;7.4;9 reviews;;Rp 205,061
RedDoorz Plus near Halim Perdanakusuma 2;7.3;46 reviews;;Rp 207,821
Amaris Hotel Panglima Polim 2;7.1;77 reviews;;Rp 352,800
OYO 2308 Seven Season Residence;8.1;13 reviews;;Rp 160,470
Hotel Bulevar Tanjung Duren Jakarta;7.2;188 reviews;;Rp 210,000
LeGreen Suite Kuningan;7.6;36 reviews;;Rp 277,500
Yuan Garden Pasar Baru;7.5;8 reviews;;Rp 1,835,000
MaxoneHotels.com at Kramat;8.0;119 reviews;;Rp 300,000
RedDoorz Syariah near Pondok Indah Mall 3;7.1;43 reviews;;Rp 111,573
Pejaten Valley Residence;7.6;20 reviews;;Rp 432,335
Prinsen Park Hotel;6.7;18 reviews;;Rp 176,000
SPOT ON 3155 Penginapan Banyu Biru Syariah;5.0;4 reviews;;Rp 95,738
Grand Paragon Hotel;7.4;77 reviews;;Rp 330,321
Collection O 6 Grand Palace Kemayoran;8.0;29 reviews;;Rp 366,592
S&A Hotel Residence;6.0;4 reviews;;Rp 223,787
OYO 2628 Kartini Residence;5.5;29 reviews;;Rp 89,099
Dreamtel Jakarta;7.3;307 reviews;;Rp 276,413
Glory Mansion Resident;6.6;41 reviews;;Rp 150,000
RedDoorz Plus near Senen;4.9;47 reviews;;Rp 127,969
Titanium Express HomTel;8.0;80 reviews;;Rp 484,000
Ampera Avenue Residence;8.2;15 reviews;;Rp 400,000
RedDoorz near Pecenongan 2;7.0;18 reviews;;Rp 177,975
RedDoorz Plus near TIS Square;5.8;10 reviews;;Rp 187,076
RedDoorz near ITC Mangga Dua;6.7;33 reviews;;Rp 106,312
OYO 780 Acg House Kalibata Syariah;8.8;71 reviews;;Rp 222,223
Hotel Borobudur Jakarta;8.3;656 reviews;;Rp 2,250,000
Veranda Serviced Residence Puri;7.7;61 reviews;;Rp 488,300
RedDoorz Resort @ Taman Wisata Mangrove;7.1;57 reviews;;Rp 191,250
Vayassi House Syariah;8.4;8 reviews;;Rp 190,129
Grand Picasso Hotel;7.8;348 reviews;;Rp 395,640
OYO 1941 Aaa Residence Syariah;7.8;24 reviews;;Rp 185,644
favehotel Gatot Subroto Jakarta;7.8;119 reviews;;Rp 413,120
Blossom Resident Blok M;7.9;12 reviews;;Rp 219,726
RedDoorz Plus @ Radio Dalam 2;7.4;20 reviews;;Rp 196,009
OYO 366 Thamadhiro Residence;7.1;29 reviews;;Rp 155,526
Mahakam24 Residence;7.8;12 reviews;;Rp 205,875
Green Bamboo Residence;7.4;38 reviews;;Rp 206,500
K-Style Eco Hotel Jakarta;6.8;21 reviews;;Rp 150,622
RedDoorz Plus near Ancol;7.9;60 reviews;;Rp 133,875
Studio One;7.4;195 reviews;;Rp 225,000
Hotel Cikini;7.7;15 reviews;;Rp 288,000
Topaz Residence;7.9;82 reviews;;Rp 231,000
Maven Buncit;7.1;56 reviews;;Rp 235,000
Hotel Pinangsia;6.1;110 reviews;;Rp 141,075
éL Hotel Royale Jakarta;7.3;173 reviews;;Rp 517,000
Amaris Hotel Pluit;7.1;50 reviews;;Rp 392,000
Inap At Capsule Jakarta;8.1;301 reviews;;Rp 113,443
RedDoorz Plus @ Thamrin;7.8;163 reviews;;Rp 294,408
Neo Hotel Mangga Dua by ASTON;7.0;773 reviews;;Rp 388,531
Capital O 1748 Thamrin Condotel;4.9;14 reviews;;Rp 283,334
V Hotel Tebet;7.9;45 reviews;;Rp 343,200
RedDoorz Plus @ Kelapa Dua Kebon Jeruk;7.0;24 reviews;;Rp 230,153
M Hotel;7.8;84 reviews;;Rp 335,580
RedDoorz near Pancoran;7.5;18 reviews;;Rp 218,373
Saffron Suites Syariah;9.0;4 reviews;;Rp 216,200
Hotel Daily Inn;7.9;47 reviews;;Rp 517,000
Hotel Gran Mahakam;8.7;315 reviews;;Rp 1,579,050
Hotel Zia Sanno Jakarta - Pluit;7.3;12 reviews;;Rp 405,000
OYO Flagship 210 Amethyst Kemayoran;7.3;210 reviews;;Rp 244,397
Amaris Hotel Mampang - Jakarta;8.0;49 reviews;;Rp 395,000
Sawana Suites;8.0;32 reviews;;Rp 548,900
Tujutiga Suites;8.4;65 reviews;;Rp 305,500
OYO 1487 Residence Khoe Near RS Royal Taruma;8.2;24 reviews;;Rp 201,459
Ravarine Suite Apartment;8.0;36 reviews;;Rp 742,365
RedDoorz Plus near Mall Ciputra Jakarta;7.2;39 reviews;;Rp 166,320
RedDoorz Plus near Manggarai Station 3;8.7;8 reviews;;Rp 229,478
Hotel Diradja;7.0;40 reviews;;Rp 405,000
Nest Residence;8.7;29 reviews;;Rp 175,780
Wisma Talenta;7.9;4 reviews;;Rp 138,253
OYO 148 Cempaka Place Homestay;7.7;165 reviews;;Rp 160,235
LeGreen Suite Penjernihan n Benhil;8.0;13 reviews;;Rp 277,500
OYO 918 Hotel Senen Indah Syariah;7.2;84 reviews;;Rp 214,419
RedDoorz @ Jatiwaringin;7.8;20 reviews;;Rp 194,700
Zodiak MT Haryono by KAGUM Hotels;7.1;9 reviews;;Rp 285,101
Kemang Place Syariah;5.7;4 reviews;;Rp 138,930
108 Hotel by HIM;7.3;26 reviews;;Rp 368,235
Karsa Utama Hotel;7.1;45 reviews;;Rp 182,000
RedDoorz Plus @ Kemayoran;7.4;30 reviews;;Rp 140,648
OYO 3300 Nadjara Residence Syariah;5.4;26 reviews;;Rp 168,815
Good Room at Jakarta;5.9;20 reviews;;Rp 105,750
OYO 115 Portal Residence;8.3;81 reviews;;Rp 194,289
Hotel Cantik Syari;8.4;15 reviews;;Rp 175,861
Dwijaya House of Pakubuwono;9.1;40 reviews;;Rp 827,200
Eightin Jakarta;7.6;105 reviews;;Rp 386,100
Rota International Hotel;5.4;11 reviews;;Rp 260,000
Hotel Gran Mahakam;8.7;315 reviews;;Rp 1,579,050
Hotel Zia Sanno Jakarta - Pluit;7.3;12 reviews;;Rp 405,000
PINX'S HOSTEL;8.4;170 reviews;;Rp 149,900
D'Hotel Jakarta;7.8;115 reviews;;Rp 320,000
OYO 90056 Wisma Kebon Kacang 9;8.0;3 reviews;;Rp 179,965
Paragon Wahid Hasyim;6.0;3 reviews;;Rp 276,667
Veranda Residence at Puri Kembangan by Aparian;8.1;6 reviews;;Rp 750,000
LeGreen Suite Senayan;6.9;16 reviews;;Rp 277,500
Amaris Hotel Mangga Besar;7.1;29 reviews;;Rp 324,000
Sakura Terrace;8.9;19 reviews;;Rp 660,000
Mutiara Suites;6.5;38 reviews;;Rp 430,333
OYO 665 Namora Residence Near Olahraga Nasional Hospital;6.9;46 reviews;;Rp 226,943
Amaris Hotel Tendean;7.2;59 reviews;;Rp 352,500
RedDoorz near Seasons City Mall;8.2;42 reviews;;Rp 200,812
Thamrin Residence 2Bedrooms & 2bathrooms;8.1;20 reviews;;Rp 700,000
RedDoorz Syariah Plus near Pancoran 2;5.3;8 reviews;;Rp 187,031
The Grand Palace Resident;7.8;97 reviews;;Rp 230,000
Plaza 54 Residence;7.8;163 reviews;;Rp 520,520
RedDoorz Plus @ Ampera Raya;6.5;18 reviews;;Rp 235,659
The Baile;8.3;39 reviews;;Rp 512,136
Cordex Hotel Ancol;8.1;24 reviews;;Rp 202,400
An Hotel Satrio Kuningan Jakarta;6.3;97 reviews;;Rp 217,800
RedDoorz near RS Husada;5.8;42 reviews;;Rp 138,600
S7 SUITES GANDARIA;8.6;19 reviews;;Rp 1,151,618
Amaris Hotel Juanda;8.0;69 reviews;;Rp 395,600
RedDoorz near Lippo Mall Puri;6.3;6 reviews;;Rp 182,292
RedDoorz Plus near Senayan City;8.3;42 reviews;;Rp 180,950
COZROOMS near MRT Plaza Indonesia  and Grand Indonesia;8.0;3 reviews;;Rp 120,132
RedDoorz @ Tondano Benhill;;;;Rp 99,000
LeGreen Suite Gatot Subroto;;;;Rp 277,500
Rumanami Residence;;;Good;Rp 423,000
RedDoorz @ Jagakarsa 2;;;;Rp 141,544
Dafam Express Jaksa Jakarta;;;Very good;Rp 310,168
Reddoorz near Gajah Mada Plaza 2;;;;Rp 140,887
Hotel Alamanda;;;;Rp 174,316
LeGreen Suite Supomo;;;Good;Rp 263,340
OYO 1667 Wisma Lux Barkah;;;;Rp 212,267
Collection O 16 Vittoria Residence;;;Good;Rp 353,991
OYO 101 Apple Platinum;;;Very good;Rp 187,734
woodland park kalibata residence by Sang Living;;;Good;Rp 282,000
woodland park kalibata residence by Sang Living;;;Good;Rp 282,000
Sampit Residence Managed by FLAT06;;;Good;Rp 304,560
OYO 2416 Griya Otista Syariah;;;;Rp 150,378
Elani Residence Kenari Syariah;;;Good;Rp 139,986
Puri Inn;;;;Rp 182,526
RedDoorz @ Pavilion Residence Cikarang;;;Good;Rp 167,738
KoolKost @ Mangga Besar;;;;Rp 112,500
Grand Sakinah Syariah Cilincing;;;Fabulous;Rp 190,000
Sans Hotel Puri Indah Jakarta;;;Very good;Rp 312,682
RedDoorz Plus near Mall Slipi Jaya;;;Very good;Rp 517,881
Bobobox Pods Juanda Jakarta;;;Superb;Rp 177,660
Erian Hotel;;;Fabulous;Rp 471,000
favehotel Melawai;;;Good;Rp 566,800
RedDoorz near RSUD Koja;;;Good;Rp 170,813
RedDoorz near RS Cikini Jakarta;;;;Rp 159,390
OYO 3735 Liv Hotel;;;;Rp 179,638
favehotel Pluit Junction;;;Good;Rp 548,100
Amaris Hotel Satrio Kuningan - Jakarta;;;Good;Rp 464,000
RedDoorz Plus near Mall Kelapa Gading;;;Very good;Rp 203,865
OYO 258 Flagship The Enviro Cikarang;;;Good;Rp 275,508
RedDoorz near ITC Cempaka Mas;;;;Rp 166,122
OYO 1421 Kasmaran Residence Syariah;;;Good;Rp 222,905
Rudi Rooms;;;Very good;Rp 131,670
OYO 630 Green Lake View Cimanggis;;;;Rp 204,853
The Dharmawangsa Jakarta;;;Fabulous;Rp 2,206,281
RedDoorz Plus near Plaza Blok M;;;Very good;Rp 239,700
Puri Maju Hotel;;;Very good;Rp 175,637
RedDoorz Plus @ Cideng Timur;;;Good;Rp 188,763
Hotel Tugu Asri;;;;Rp 138,600
Pomelotel;;;Good;Rp 472,500
RedDoorz Plus @ Kwitang 2;;;Good;Rp 182,279
Maven Fatmawati;;;;Rp 425,790
Pondok Malabar;;;Fabulous;Rp 145,530
Royal City Hotel;;;Good;Rp 270,000
Hotel Caravan;;;;Rp 182,250
P Hotel;;;;Rp 337,500
RedDoorz @ Iodium Residence Cikarang;;;Very good;Rp 169,312
Residences by RedDoorz @ Guntur Raya Setiabudi;;;Good;Rp 232,650
Ana Hotel Jakarta;;;Good;Rp 435,330
Rasuna Mansion;;;Good;Rp 490,000
OYO Townhouse 2 Hotel Gunung Sahari Near Rs Hermina Kemayoran;;;Very good;Rp 310,811
RedDoorz @ Jalan Jaksa;;;;Rp 97,020
Sleepy Raccoon Hostel;;;Superb;Rp 222,775
RedDoorz Plus near RS Harapan Kita;;;Good;Rp 127,859
UROOMS Senayan;;;Good;Rp 197,189
OYO 3865 Wisma Niaga;;;Good;Rp 150,644
Hotel Neo+ Kebayoran Jakarta;;;Good;Rp 432,260
RedDoorz Plus @ Tendean;;;Fabulous;Rp 193,050
Oak Tree Urban;;;Good;Rp 485,440
Hotel Alma;;;;Rp 292,411
RedDoorz near Mangga Dua Square;;;;Rp 121,796
Hotel Borobudur kemayoran;;;Good;Rp 142,560
Smart Hotel Thamrin Jakarta;;;;Rp 256,500
Nagomi Suites;;;Superb;Rp 836,352
OYO 947 Angel Home Stay Syariah;;;;Rp 190,678
RedDoorz @ Kebon Kacang;;;Good;Rp 142,725
Putri Duyung Ancol;;;;Rp 1,398,531
LeGreen Home Tebet;;;Good;Rp 262,500
Cipta Hotel Pancoran;;;Good;Rp 445,500
Amaris Hotel Fachrudin – Tanah Abang;;;Very good;Rp 357,000
apartemen puri park view;;;Good;Rp 350,000
Capitol Park Residence salemba-cozy room;;;Exceptional;Rp 320,000
Maple Hotel Grogol;;;Good;Rp 397,800
Puri Mega Hotel;;;;Rp 400,000
All Nite & Day Kebon Jeruk;;;Fabulous;Rp 450,000
RedDoorz @ Tebet Barat 2;;;Very good;Rp 244,282
FLAT06 cipete;;;Fabulous;Rp 349,000
OYO 133 Griya Ciaji;;;Good;Rp 232,421
Ambhara Hotel;;;Good;Rp 1,200,000
RedDoorz Plus @ TB Simatupang;;;Good;Rp 258,300
RedDoorz Plus near Green Pramuka Square Mall;;;Good;Rp 211,916
Konko Hostel Jakarta;;;Very good;Rp 306,000
OYO 150 Harmoni Residence;;;;Rp 163,899
ARCS House Pakubuwono by Jambuluwuk;;;Exceptional;Rp 296,666
RedDoorz @ Cipete Raya;;;;Rp 220,922
Twins Hotel;;;;Rp 314,600
RedDoorz Plus near Jakarta Kota Station;;;;Rp 110,250
Netty Apartemen Puri Park View;;;Good;Rp 350,000
amethyst cengkareng syariah;;;Exceptional;Rp 149,460
RedDoorz @ Jalan Gatot Subroto Jakarta;;;Very good;Rp 190,697
OYO 136 Manggis Inn Near RSU Kecamatan Taman Sari;;;Good;Rp 175,964
RedDoorz @ Ruko ITC Roxy Mas;;;;Rp 133,888
Upscale Suites;;;Very good;Rp 500,000
Bungur Inn Syariah;;;Fabulous;Rp 162,150
Kantos Guest House;;;Good;Rp 164,406
RedDoorz Near Lokasari Mangga Besar 7;;;;Rp 128,205
OYO 989 Audah Residence Syariah;;;Good;Rp 169,134
Konko Hostel Jakarta;;;Very good;Rp 306,000
OYO 1121 Orienchi 2 Near RSUD Sawah Besar;;;Fabulous;Rp 233,356
RedDoorz Plus near Ciputra World Kuningan 2;;;;Rp 155,183
Hotel Gren Alia Cikini;;;Very good;Rp 330,410
OYO 1111 Passer Baroe Inn Near RS Siloam Pasar Baru;;;;Rp 189,000
4 Bed Condo Sleeping by The Sea;;;Superb;Rp 517,000
Urbana Homes;;;Very good;Rp 284,844
ARCS House Menteng by Jambuluwuk;;;Superb;Rp 296,666
RedDoorz Plus near Taman Rasuna Menteng;;;;Rp 162,855
Kyriad Fatmawati Jakarta;;;Very good;Rp 561,314
Mega Anggrek Hotel Jakarta Slipi;;;;Rp 847,000
Green Bay Pluit Apartment - Seaview Studio Fast Wifi;;;Good;Rp 357,200
favehotel LTC Glodok;;;Good;Rp 259,440
Bobobox Pods Kebayoran Baru;;;Fabulous;Rp 177,660
OYO 1519 Axl Residence;;;Very good;Rp 211,395
Hotel Dequr Jakarta Kota;;;;Rp 225,000
RedDoorz @ Permata Sari Karawaci;;;Good;Rp 134,873
RedDoorz Plus near Blok M Square;;;;Rp 222,667
OYO 3894 Karunia Muslim Syariah;;;;Rp 143,706
RedDoorz near Graha Cijantung Mall;;;Good;Rp 207,900
Barito Mansion;;;Fabulous;Rp 736,208
RedDoorz near Tanjung Duren 2;;;Very good;Rp 154,713
OYO 1229 Dc Hotel Pramuka;;;;Rp 219,862
Bobobox Pods Pancoran;;;Very good;Rp 177,660
RedDoorz near Halim Perdanakusuma 3;;;Good;Rp 211,365
RedDoorz near Pasar Baru 3;;;Very good;Rp 140,333
LeGreen Suite Tondano n GBK;;;;Rp 277,500
M Home;;;Very good;Rp 517,000
Puri Mansion Apartment by TH;;;;Rp 271,660
RedDoorz @ Meruya 2;;;Good;Rp 192,833
OYO 266 Margonda Residence 5;;;Good;Rp 198,802
OYO 3109 Point Inn;;;Good;Rp 150,229
RedDoorz near Taman Mini Jakarta;;;;Rp 193,875
Urbanest Inn House TB Simatupang;;;;Rp 306,240
OYO 591 Mn Residence;;;;Rp 131,351
RedDoorz Plus near Cilandak Town Square 2;;;Very good;Rp 255,387
Strategic and Big 94sqm unit only 2 minutes walking to Neo Soho Mall and Central Park Mall with Huge Swimming Pools and Garden;7.2;10 reviews;Good;Rp 1,347,000
Grand Kasira;6.8;61 reviews;;Rp 324,074
OYO Flagship 3563 New Mg Hotel;6.7;76 reviews;;Rp 194,406
Adaru Property at Sunter Park View;6.0;15 reviews;;Rp 194,021
Pesona Guest House Jakarta;9.7;59 reviews;Exceptional;Rp 632,500
RedDoorz near Duta Merlin;7.7;9 reviews;Good;Rp 135,828
RedDoorz near Mall Of Indonesia;6.4;57 reviews;;Rp 145,530
OYO 842 Arafuru Residence Near Rs Duren Sawit;8.6;13 reviews;Fabulous;Rp 276,604
Jambrut Inn;6.7;20 reviews;;Rp 174,240
Everyday Smart Hotel Mangga Besar;6.8;50 reviews;;Rp 300,000
OYO 146 Menteng Residence;5.6;32 reviews;;Rp 189,724
RedDoorz Plus near Taman Ismail Marzuki;7.6;20 reviews;Good;Rp 228,375
Kalibata City by Pesona;5.2;4 reviews;;Rp 250,000
Arimbi Pejaten Suites Jakarta;6.8;14 reviews;;Rp 335,000
Urbanest Inn House Slipi;8.3;14 reviews;Very good;Rp 261,320
Kalibata City by Cemara;7.2;5 reviews;Good;Rp 250,000
OYO 3747 Comfort Residence;7.3;11 reviews;Good;Rp 237,100
OYO 909 Lauv Room Grand Centerpoint;7.6;14 reviews;Good;Rp 284,489
RedDoorz Premium @ Gandaria Jagakarsa;7.0;40 reviews;Good;Rp 210,949
RedDoorz near Plaza Atrium Senen;7.4;32 reviews;Good;Rp 153,648
RedDoorz @ Panglima Polim 2;7.4;26 reviews;Good;Rp 200,015
RedDoorz @ Jalan Biak Roxy Jakarta;6.7;29 reviews;;Rp 145,530
Marina Mediterania Ancol;5.6;3 reviews;;Rp 1,250,000
RedDoorz near Tomang 2;6.8;33 reviews;;Rp 176,715
RedDoorz Plus @ Cipete Damai;6.8;7 reviews;;Rp 207,270
OYO 181 Wisma Bintang;7.1;78 reviews;Good;Rp 147,991
The Mansion at Dukuh Golf Kemayoran  near to JExpo Kemayoran;8.3;7 reviews;Very good;Rp 675,000
Batavia Apartment ST;7.8;11 reviews;Good;Rp 1,246,600
Alfu Residence;9.0;146 reviews;Superb;Rp 188,000
Apartemen Sentra Timur by Cheapinn;7.3;3 reviews;Good;Rp 300,000
LeGreen Suite Poso n JICC;6.9;12 reviews;;Rp 277,500
RedDoorz near Plaza Senayan;7.0;3 reviews;Good;Rp 162,855
Bold Hotel Jakarta;8.2;21 reviews;Very good;Rp 214,200
OYO 160 Lontar Residence Near Bina Sehat Hospital Mandiri;6.4;26 reviews;;Rp 143,454
Hotel Rumah Shinta;7.7;40 reviews;Good;Rp 440,000
RedDoorz Premium @ Ampera Raya 2;6.7;35 reviews;;Rp 231,304
Syariah Mama Cengkareng @ Mutiara Palem;6.0;3 reviews;;Rp 139,920
VK Pods PIK;8.7;100 reviews;Fabulous;Rp 128,567
OYO 2223 J&b Room Utan Kayu Near Rumah Sakit Umum Daerah Matraman;7.6;20 reviews;Good;Rp 189,001
Roosseno Plaza Serviced Apartment;7.9;3 reviews;Good;Rp 679,150
Roomku at Bassura City Apartment;7.0;49 reviews;Good;Rp 317,250
RedDoorz Hostel near LTC Glodok;7.3;6 reviews;Good;Rp 144,525
Graha SUMSEL;7.8;74 reviews;Good;Rp 325,000
Topaz Guest House;8.4;10 reviews;Very good;Rp 302,500
Bobobox Pods Kota Tua;9.3;6 reviews;Superb;Rp 177,660
The Packer Lodge;8.9;457 reviews;Fabulous;Rp 222,750
RedDoorz @ Taman Bendungan Asahan;6.4;15 reviews;;Rp 134,927
RedDoorz @ Mangga Besar 2;8.4;11 reviews;Very good;Rp 149,325
OYO 3733 Guntur 40 Residence;6.5;4 reviews;;Rp 182,915
OYO 106 Sarkawi Residence;8.0;135 reviews;Very good;Rp 255,874
OYO 90141 3a Syariah;7.9;41 reviews;Good;Rp 147,512
2 Bed Room Amazing Sea View Condo 80sqm Fast Internet;8.4;8 reviews;Very good;Rp 572,000
RedDoorz @ Radio Dalam;8.6;15 reviews;Fabulous;Rp 189,486
BI Executive Hotel;8.2;156 reviews;Very good;Rp 595,000
OYO 387 Alfa Residence;7.3;57 reviews;Good;Rp 157,883
OYO 919 Hotel Kalisma Syariah Near RS Pelni;7.5;40 reviews;Good;Rp 205,516
ZEN Rooms Patra Kuningan Syariah;7.9;9 reviews;Good;Rp 440,440
RedDoorz near Cilandak Town Square;6.9;38 reviews;;Rp 197,159
OYO 1990 Kost Kuningan Executive Boading House Setiabudi Near MRCCC Siloam Hospitals Semanggi;8.3;13 reviews;Very good;Rp 209,959
Hotel Sanrina;6.7;63 reviews;;Rp 250,000
Kosenda Hotel;8.8;498 reviews;Fabulous;Rp 465,300
The Packer Lodge;8.9;457 reviews;Fabulous;Rp 222,750
Kamar Keluarga Tj Priok;7.4;3 reviews;Good;Rp 114,840
Reddoorz Plus @ Karet Pedurenan 3;7.2;29 reviews;Good;Rp 226,380
Wonderloft Hostel;8.8;1,120 reviews;Fabulous;Rp 234,000
Sudirman Park Apartment;8.5;26 reviews;Very good;Rp 593,000
OYO 779 Mn One Residence Near Rs Jakarta Islamic;7.3;9 reviews;Good;Rp 177,464
OYO 2256 Danysa Guesthouse Syariah;5.7;6 reviews;;Rp 130,475
RedDoorz @ Cilandak Barat;7.5;22 reviews;Good;Rp 240,151
OYO 501 Elpeka Dua Residence;7.4;45 reviews;Good;Rp 279,946
Taman sari Sudirman Studio Deluxe room A - Near MRT - Central Jakarta;6.5;5 reviews;;Rp 352,500
OYO 297 45 Residence Near RS Husada;7.3;17 reviews;Good;Rp 161,807
OYO 371 Kwitang Guest House;8.1;29 reviews;Very good;Rp 193,075
Shakti Hotel Jakarta;7.6;127 reviews;Good;Rp 285,000
Puri Jaya Hotel;5.5;6 reviews;;Rp 350,000
Strategic 1BR Casa Grande Apartment near Kota Kasablanka Mall By Travelio;4.5;3 reviews;;Rp 796,211
Spacious 2BR GP Plaza Apartment By Travelio;7.3;3 reviews;Good;Rp 808,689
Blue Sky Hotel Petamburan;6.9;24 reviews;;Rp 574,933
RedDoorz near Central Park Mall;7.6;23 reviews;Good;Rp 148,995
Premium Location 2BR Apartment @ FX Residence By Travelio;6.9;4 reviews;;Rp 1,088,598
Premium Location 2BR Apartment @ FX Residence By Travelio;6.9;4 reviews;;Rp 1,150,685
Wisma Gading Indah 1;5.7;15 reviews;;Rp 134,699
Liberty Hotel Thamrin Jakarta;8.5;300 reviews;Very good;Rp 517,750
Bed and Breakfast Tomang;9.4;139 reviews;Superb;Rp 188,000
LeGreen Home Setiabudi;6.4;18 reviews;;Rp 243,750
OYO 2547 Assirot Residence;3.2;3 reviews;;Rp 159,286
OYO 332 Residence G17 Kemang;6.2;48 reviews;;Rp 474,398
OYO 1199 Orienchi Room Near RSU Kecamatan Taman Sari;6.4;209 reviews;;Rp 160,344
Antoni Hotel;7.7;24 reviews;Good;Rp 285,000
OYO 3785 Kemayoran Residence;4.6;5 reviews;;Rp 167,889
Rumahku Hayam Wuruk;7.1;11 reviews;Good;Rp 120,000
OYO 141 Fatmawati Cozy Residence;6.7;36 reviews;;Rp 221,550
Kejora Homestay;7.8;22 reviews;Good;Rp 240,000
My Home by FLAT06;7.6;7 reviews;Good;Rp 250,000
KoolKost @ Tanjung Duren Utara;7.3;17 reviews;Good;Rp 187,500
ARCS House Blok M by Jambuluwuk;9.5;4 reviews;Exceptional;Rp 296,666
Apartemen cengkareng;4.8;6 reviews;;Rp 176,000
OYO 1082 Kost Arie 1;4.7;5 reviews;;Rp 186,141
OYO 298 Gemilang Guesthouse;8.0;20 reviews;Very good;Rp 182,841
OYO 180 Hotel Mirah;6.7;77 reviews;;Rp 214,286
OYO 123 Puri Lotus Near Siloam Hospitals TB Simatupang;6.9;56 reviews;;Rp 178,544
Rumah99;8.1;9 reviews;Very good;Rp 308,000
RedDoorz Syariah Plus near Pondok Indah Mall 2;7.0;21 reviews;Good;Rp 177,188
RedDoorz Plus near Semanggi;5.9;23 reviews;;Rp 183,454
Sun Rise House;7.9;10 reviews;Good;Rp 306,240
RedDoorz Plus near One Bell Park Avenue;8.6;4 reviews;Fabulous;Rp 193,875
Griya Prapanca Apartment;7.3;42 reviews;Good;Rp 554,400
Chic Quarter;8.6;23 reviews;Fabulous;Rp 382,800
RedDoorz Syariah near Siloam Hospital Kebon Jeruk;7.8;6 reviews;Good;Rp 159,944
Tator Hotel;6.1;28 reviews;;Rp 300,000
Wisma Lamida 2 Syariah;5.7;10 reviews;;Rp 128,378
OYO 2030 Melawai Homestay;6.0;3 reviews;;Rp 153,696
OYO 2122 Qubic;8.3;58 reviews;Very good;Rp 219,699
OYO 478 Balcon Biru;8.5;37 reviews;Very good;Rp 150,001
Env Room;7.9;5 reviews;Good;Rp 190,000
BI Executive Hotel Mangga Dua;7.8;16 reviews;Good;Rp 545,000
Mediterania palace residences kemayoran;7.2;8 reviews;Good;Rp 500,000
Sahati Hotel;6.9;19 reviews;;Rp 556,395
Hotel Nusantara Indah Syariah;7.0;35 reviews;Good;Rp 240,500
OYO 866 Idola Residence Near Rs Grha Kedoya;7.3;6 reviews;Good;Rp 192,755
OYO 1907 Pangrango Residence;7.9;12 reviews;Good;Rp 162,042
Marrakesh Inn;8.1;4 reviews;Very good;Rp 330,000
OYO 1524 D' Paseban Near RS St. Carolus;6.8;24 reviews;;Rp 169,207
OYO 1435 Residence 446;8.0;25 reviews;Very good;Rp 145,154
Sabrina Guest House;5.9;15 reviews;;Rp 241,071
OYO 281 Hotelo;6.6;11 reviews;;Rp 232,528
OYO 152 O2 Residence;6.5;66 reviews;;Rp 149,971
Singgahsini Haji Nawi Raya Jakarta Selatan;8.3;3 reviews;Very good;Rp 211,200
OYO 117 Blueberry Homestay;6.9;200 reviews;;Rp 137,281
Ninjas room cengkareng;6.5;6 reviews;;Rp 264,000
OYO 3754 Prosperity Mansion;3.6;4 reviews;;Rp 125,746
Borneo Hostel;5.0;7 reviews;;Rp 277,894
Oriental Residence Pasar Baru;6.7;16 reviews;;Rp 140,060
Mediterania Garden Residence 2;5.7;6 reviews;;Rp 564,000
